{
  "contacts": [
    {
      "id": 1,
      "name": "Alexa",
      "email": "alexa@amazon.com",
      "phone": "987363533",
      "picture": "images/alexa.jpg"
    },
    {
      "id": 2,
      "name": "Siri",
      "email": "siri@amazon.com",
      "phone": "987363533",
      "picture": "images/siri.jpg"
    },
    {
      "id": 3,
      "name": "David",
      "email": "david@amazon.com",
      "phone": "987363533",
      "picture": "images/david.jpg"
    },
    {
      "id": 4,
      "name": "John  Doe",
      "email": "john@amazon.com",
      "phone": "987363533",
      "picture": "images/john.jpg"
    },
    {
      "name": "ramnath",
      "email": "ram@gmail.com",
      "phone": "9986017462",
      "picture": "images/1.jpg",
      "id": 5
    },
    {
      "name": "raman",
      "email": "raman@gmail.com",
      "phone": "9986017462",
      "picture": "images/1.jpg",
      "id": 6
    },
    {
      "name": "Ravi",
      "email": "ravi@gmail.com",
      "phone": "1234567890",
      "picture": "1.jpg",
      "id": 7
    },
    {
      "name": "Ravi",
      "email": "ravi@gmail.com",
      "phone": "1234567890",
      "picture": "1.jpg",
      "id": 8
    },
    {
      "name": "Ravi",
      "email": "ravi@gmail.com",
      "phone": "1234567890",
      "picture": "1.jpg",
      "id": 9
    },
    {
      "name": "Ravi",
      "email": "ravi@gmail.com",
      "phone": "1234567890",
      "picture": "1.jpg",
      "id": 10
    },
    {
      "name": "Ravi",
      "email": "ravi@gmail.com",
      "phone": "1234567890",
      "picture": "1.jpg",
      "id": 11
    }
  ]
}